company_name,address,city,county,state,zip,phone1,email
Anchor Computer Inc,13 S Hacienda Dr,Livingston,Essex,NJ,7039,973-767-3008,erinn.canlas@canlas.com
Sebring & Co,40 9th Ave Sw #91,Waterford,Oakland,MI,48329,248-980-6904,cherry@lietz.com
H A C Farm Lines Co Optv Assoc,2845 Boulder Crescent St,Cleveland,Cuyahoga,OH,44103,216-923-3715,kattie@vonasek.org
"Hunter, John J Esq",33 State St,Abilene,Taylor,TX,79601,325-631-1560,lilli@aol.com
Freehold Fence Co,2 S 15th St,Fort Worth,Tarrant,TX,76107,817-526-4408,whitley.tomasulo@aol.com
Binswanger,4 Kohler Memorial Dr,Brooklyn,Kings,NY,11230,718-201-3751,badkin@hotmail.com
Chilton Malting Co,1 Rancho Del Mar Shopping C,Providence,Providence,RI,2903,401-893-4882,hermila_thyberg@hotmail.com
"Schoen, Edward J Jr",3943 N Highland Ave,Lancaster,Lancaster,PA,17601,717-885-9118,jesusita.flister@hotmail.com
"Helderman, Seymour Cpa",5 Williams St,Johnston,Providence,RI,2919,401-948-4982,caitlin.julia@julia.org
"Denbrook, Myron",60 Old Dover Rd,Hialeah,Miami-Dade,FL,33014,305-622-4739,roosevelt.hoffis@aol.com
"Lippitt, Mike",8 Sheridan Rd,Jersey City,Hudson,NJ,7304,201-832-4168,hhalter@yahoo.com
"Hiram, Hogg P Esq",85092 Southern Blvd,San Antonio,Bexar,TX,78204,210-856-4979,lorean.martabano@hotmail.com
In Travel Agency,64 Newman Springs Rd E,Brooklyn,Kings,NY,11219,718-478-8504,france.buzick@yahoo.com
Newhart Foods Inc,48 Stratford Ave,Pomona,Los Angeles,CA,91768,909-993-3242,jferrario@hotmail.com
Courtyard By Marriott,80 Pittsford Victor Rd #9,Cleveland,Cuyahoga,OH,44103,216-230-4892,adelina_nabours@gmail.com
"Studer, Eugene A Esq",87163 N Main Ave,New York,New York,NY,10013,212-304-4515,ddhamer@cox.net
Seashore Supply Co Waretown,393 Lafayette Ave,Richmond,Richmond City,VA,23219,804-762-9576,jerry.dallen@yahoo.com
Mayar Silk Inc,99 5th Ave #33,Trion,Chattooga,GA,30753,706-221-4243,leota.ragel@gmail.com
National Medical Excess Corp,49 N Mays St,Broussard,Lafayette,LA,70518,337-515-1438,jamyot@hotmail.com
Stero Company,993 Washington Ave,Nutley,Essex,NJ,7110,973-544-2677,aja_gehrett@hotmail.com
"Hasting, H Duane Esq",88 15th Ave Ne,Vestal,Broome,NY,13850,607-407-3716,kirk.herritt@aol.com
Insty Prints,3381 E 40th Ave,Passaic,Passaic,NJ,7055,973-412-2995,leonora@yahoo.com
Glenridge Manor Mobile Home Pk,201 Ridgewood Rd,Moscow,Latah,ID,83843,208-252-4552,winfred_brucato@hotmail.com
Circuit Solution Inc,39 Moccasin Dr,San Francisco,San Francisco,CA,94104,415-411-1775,tarra.nachor@cox.net
Local Office,4 Carroll St,North Attleboro,Bristol,MA,2760,508-942-4186,corinne@loder.org
Lee Kilkelly Paulson & Kabaker,9581 E Arapahoe Rd,Rochester,Oakland,MI,48307,248-357-8718,dulce_labreche@yahoo.com
"Davis, Maxon R Esq",33 N Michigan Ave,Green Bay,Brown,WI,54301,920-353-6377,kate_keneipp@yahoo.com
"Garrison, Paul E Esq",2 S Biscayne Blvd,Baltimore,Baltimore City,MD,21230,410-665-4903,kaitlyn.ogg@gmail.com
Black History Resource Center,8 Us Highway 22,Colorado Springs,El Paso,CO,80937,719-669-1664,sherita.saras@cox.net
"Rodriguez, J Christopher Esq",7422 Martin Ave #8,Toledo,Lucas,OH,43607,419-588-8719,lstuer@cox.net
Grant Family Health Center,94 Chase Rd,Hyattsville,Prince Georges,MD,20785,301-998-9644,ernest@cox.net
Goeman Wood Products Inc,8139 I Hwy 10 #92,New Bedford,Bristol,MA,2745,508-855-9887,nobuko.halsey@yahoo.com
"Linhares, Kenneth A Esq",5 Cabot Rd,Mc Lean,Fairfax,VA,22102,703-483-1970,lavonna.wolny@hotmail.com
Earnhardt Printing,3387 Ryan Dr,Hanover,Anne Arundel,MD,21076,410-678-2473,llizama@cox.net
H P G Industrys Inc,3125 Packer Ave #9851,Austin,Travis,TX,78753,512-223-4791,mariann.bilden@aol.com
Bailey Transportation Prod Inc,347 Chestnut St,Peoria,Maricopa,AZ,85381,623-461-8551,helene@aol.com
Mcglynn Bliss Pc,8116 Mount Vernon Ave,Bucyrus,Crawford,OH,44820,419-571-5920,roselle.estell@hotmail.com
Mutual Fish Co,8772 Old County Rd #5410,Kent,King,WA,98032,206-311-4137,sheintzman@hotmail.com
"Yeates, Arthur L Aia",868 State St #38,Cincinnati,Hamilton,OH,45251,513-617-2362,margart_meisel@yahoo.com
"Logan, Ronald J Esq",772 W River Dr,Bloomington,Monroe,IN,47404,812-368-1511,kristofer.bennick@yahoo.com
Advantage Martgage Company,73 W Barstow Ave,Arlington Heights,Cook,IL,60004,847-353-2156,wacuff@gmail.com
Germer And Gertz Llp,61047 Mayfield Ave,Brooklyn,Kings,NY,11223,718-232-2337,shalon@cox.net
Spence Law Offices,2139 Santa Rosa Ave,Orlando,Orange,FL,32801,407-446-4358,denise@patak.org
John Ortiz Nts Therapy Center,598 43rd St,Beverly Hills,Los Angeles,CA,90210,310-820-2117,louvenia.beech@beech.com
Mike Uchrin Htg & Air Cond Inc,70295 Pioneer Ct,Brandon,Hillsborough,FL,33511,813-797-4816,audry.yaw@yaw.org
"Mccoy, Joy Reynolds Esq",92899 Kalakaua Ave,El Paso,El Paso,TX,79925,915-452-1290,kristel.ehmann@aol.com
Kbor 1600 Am,395 S 6th St #2,El Cajon,San Diego,CA,92020,619-603-5125,vzepp@gmail.com
Quality Inn Northwest,9506 Edgemore Ave,Bladensburg,Prince Georges,MD,20710,301-841-5012,egwalthney@yahoo.com
Wallace Church Assoc Inc,72119 S Walker Ave #63,Anaheim,Orange,CA,92801,714-523-6653,venita_maillard@gmail.com
Can Tron,369 Latham St #500,Saint Louis,Saint Louis City,MO,63102,314-732-9131,kasandra_semidey@semidey.com
Ravaal Enterprises Inc,3158 Runamuck Pl,Round Rock,Williamson,TX,78664,512-233-1831,xdiscipio@gmail.com
Thompson Steel Company Inc,9 Plainsboro Rd #598,Greensboro,Guilford,NC,27409,336-670-2640,mlinahan@yahoo.com
"Anderson, Mark A Esq",8728 S Broad St,Coram,Suffolk,NY,11727,631-443-4710,krauser@cox.net
Womack & Galich,2215 Prosperity Dr,Lyndhurst,Bergen,NJ,7071,201-825-2514,pdubaldi@hotmail.com
Valerie & Company,1 S Pine St,Memphis,Shelby,TN,38112,901-412-4381,linn_paa@paa.com
Gehring Pumps Inc,187 Market St,Atlanta,Fulton,GA,30342,404-505-4445,paris@hotmail.com
"Haehnel, Craig W Esq",94290 S Buchanan St,Pacifica,San Mateo,CA,94044,650-473-1262,wynell_dorshorst@dorshorst.org
Spoor Behrins Campbell & Young,7061 N 2nd St,Burnsville,Dakota,MN,55337,952-702-7993,qbirkner@aol.com
Ken Jeter Store Equipment Inc,10759 Main St,Scottsdale,Maricopa,AZ,85260,480-726-1280,regenia.kannady@cox.net
"Potter, Brenda J Cpa",97 E 3rd St #9,Long Island City,Queens,NY,11101,718-976-8610,sheron@aol.com
Baird Kurtz & Dobson,82 Winsor St #54,Atlanta,Dekalb,GA,30340,770-844-3447,izetta.funnell@hotmail.com
"Minor, Cynthia A Esq",41 Steel Ct,Northfield,Rice,MN,55057,507-210-3510,rodolfo@hotmail.com
"Solove, Robert A Esq",49440 Dearborn St,Norwalk,Fairfield,CT,6854,203-461-1949,zona@hotmail.com